{
  "name": "Linderkin Plugins Repo",
  "guid": "8eaf6b11-f5e7-4f22-8a7e-3d9b8d2a4e91",
  "description": "Repositorio de plugins personalizados para Jellyfin.",
  "version": 1,
  "plugins": [
    {
      "name": "AniList + TMDb Fusion",
      "guid": "8d7a3a6d-1b23-4c77-9b8a-a12d3f4e9e7d",
      "version": "1.0.0",
      "targetAbi": "10.11.0.0",
      "description": "Usa el título romaji de AniList y los metadatos de TMDb en español.",
      "category": "Metadata",
      "owner": "Linderkin",
      "imageUrl": "https://raw.githubusercontent.com/Linderkin/jellyfin-plugin-anilist-tmdb-fusion/master/icon.png",
      "sourceUrl": "https://github.com/Linderkin/jellyfin-plugin-anilist-tmdb-fusion",
      "archive": "https://github.com/Linderkin/jellyfin-plugin-anilist-tmdb-fusion/releases/download/v1.0.0/jellyfin-plugin-anilist-tmdb-fusion.zip"
    }
  ]
}
